<?xml version="1.0" encoding="UTF-8"?>
<addon id="plugin.video.box" version="0.1.3" name="Box" provider-name="ddurdle">
    <requires>
        <import addon="xbmc.python" version="2.1.0"/>
    </requires>
    <extension point="xbmc.python.pluginsource" library="default.py">
        <provides>video audio</provides>
    </extension>
    <extension point="xbmc.addon.metadata">
        <summary>Plays video and music from your Box.com/Box.net service</summary>
        <description>Plays video and music from your Box cloud service. This addon is not affiliated with Box.com</description>
        <platform>all</platform>
    </extension>
</addon>

