<?xml version="1.0" encoding="UTF-8"?>
<addon id="plugin.video.firedrive" version="0.2.3" name="firedrive" provider-name="ddurdle">
    <requires>
        <import addon="xbmc.python" version="2.1.0"/>
    </requires>
    <extension point="xbmc.python.pluginsource" library="default.py">
        <provides>video audio</provides>
    </extension>
    <extension point="xbmc.addon.metadata">
        <summary>A cloud player for firedrive</summary>
        <description>Stream music and video content from your firedrive.com</description>
        <platform>all</platform>
    </extension>
</addon>

