<?xml version="1.0" encoding="UTF-8"?>
<addon id="plugin.video.acd" version="0.1.10" name="Amazon Cloud Drive" provider-name="ddurdle">
    <requires>
        <import addon="xbmc.python" version="2.1.0"/>
    </requires>
    <extension point="xbmc.python.pluginsource" library="default.py">
        <provides>video audio image programs</provides>
    </extension>
    <extension point="xbmc.addon.metadata">
        <summary>Listen to music, watch videos and view photos from your Amazon Cloud Drive account</summary>
        <description>Plays music and video from your Amazon Cloud Drive account.  Not affiliated with Amazon.</description>
        <platform>all</platform>
    </extension>
</addon>


